ลำดับ,รหัสเดิม,รหัสใหม่,ประเภท,สี,ยาว,กว้าง,สูง,ราคา
1,A022-23-GRY,OT022-GRY-00-23-00,อื่นๆ,เทา,,23,,
2,A03-45-BLK,OT03-BLK-00-45-00,อื่นๆ,ดำ,,45,,
3,A03-20-GLD,OT03-GLD-00-20-00,อื่นๆ,ทอง,,20,,
4,A14-2-00-GLD,OT142-GLD-00-00-00,อื่นๆ,ทอง,,,,
5,AA002-60-SLV,AA002-SLV-00-60-00,โคมไฟระย้า,สีเงิน,,60,,
6,AA002-80-SLV,AA002-SLV-00-80-00,โคมไฟระย้า,สีเงิน,,80,,
7,AA002-50-50-OTH,AA00250-CHR-00-50-00,โคมไฟระย้า,สีโครเมี่ยม,,50,,
8,AA002-60-60-OTH,AA00260-CHR-00-60-00,โคมไฟระย้า,สีโครเมี่ยม,,60,,
9,AA002-80-80-OTH,AA00280-CHR-00-80-00,โคมไฟระย้า,สีโครเมี่ยม,,80,,
10,AA018-40-BLK,AA018-BLK-00-40-00,โคมไฟระย้า,สีดำ,,40,,
11,AA018-50-BLK,AA018-BLK-00-50-00,โคมไฟระย้า,ดำ,,50,,
12,AA020-60-GLD,AA020-GLD-00-60-00,โคมไฟระย้า,ทอง,,60,,
13,AA020-A-60-GLD,AA020-GLD-00-60-00,โคมไฟระย้า,ทอง,,60,,
14,AA022-240-NA,AA022-XXX-00-240-00,โคมไฟระย้า,,,240,,
15,AA022-A-120-SLV,AA022-SLV-00-120-00,โคมไฟระย้า,เงิน,,120,,
16,AA025-30-GLD,AA025-GLD-00-30-00,โคมไฟระย้า,ทอง,,30,,
17,AA031-20-RGD,AA031-RGD-00-20-00,โคมไฟระย้า,โรสโกลด์,,20,,
18,AA031-00-RGD,AA031-RGD-00-00-00,โคมไฟระย้า,สีโรสโกลด์,,,,
19,AA031-300-RGD,AA031-RGD-00-300-00,โคมไฟระย้า,โรสโกลด์,,300,,
20,AA035-18-RGD,AA035-RGD-00-18-00,โคมไฟระย้า,โรสโกลด์,,18,,
21,AA035-50-SLV,AA035-SLV-00-50-00,โคมไฟระย้า,น้ำเงิน,,50,,
22,AA035-38-NA,AA035-XXX-00-38-00,โคมไฟระย้า,,,38,,
23,AA035-350-GRY,AA035-GRY-00-350-00,โคมไฟระย้า,เทา-เงา,,350,,
24,AA035-350-SLV,AA035-SLV-00-350-00,โคมไฟระย้า,"น้ำเงิน,เงิน,โรสโกลด์",,350,,
25,AA035-00-GRY,AA035-GRY-00-00-00,โคมไฟระย้า,เทา-เงา,,,,
26,AA035-150-SLV,AA035-SLV-00-150-00,โคมไฟระย้า,สแตนเลสเงิน,,150,,
27,AA035-15-SLV,AA035-SLV-00-15-00,โคมไฟระย้า,น้ำเงินเข้ม,,15,,
28,AA035-28-SLV,AA035-SLV-00-28-00,โคมไฟระย้า,น้ำเงินเข้ม,,28,,
29,AA035-00-SLV,AA035-SLV-00-00-00,โคมไฟระย้า,น้ำเงินเข้ม,,,,
30,AA035-20-MIX,AA035-คละ-00-20-00,โคมไฟระย้า,คละแบบ,,20,,
31,AA035-38-GLD,AA035-GLD-00-38-00,โคมไฟระย้า,ทอง,,38,,
32,AA035-00-MIX,AA035-คละ-00-00-00,โคมไฟระย้า,คละสี,,,,
33,AA035-350-MIX,AA035-คละ-00-350-00,โคมไฟระย้า,คละสี,,350,,
34,AA035-18-SLV,AA035-SLV-00-18-00,โคมไฟระย้า,เงิน,,18,,
35,AA035-20-SLV,AA035-SLV-00-20-00,โคมไฟระย้า,เงิน,,20,,
36,AA035-28-GRN,AA035-GRN-00-28-00,โคมไฟระย้า,สีเขียว,,28,,
37,AA035-28-CYN,AA035-สีฟ-00-28-00,โคมไฟระย้า,สีฟ้า,,28,,
38,AA035-15-MIX,AA035-คละ-00-15-00,โคมไฟระย้า,คละสี,,15,,
39,AA035-60-MIX,AA035-คละ-00-60-00,โคมไฟระย้า,คละ,,60,,
40,AA035-38-MIX,AA035-คละ-00-38-00,โคมไฟระย้า,คละสี,,38,,
41,AA035-18-MIX,AA035-คละ-00-18-00,โคมไฟระย้า,คละสี,,18,,
42,AA035-00-NA,AA035-XXX-00-00-00,โคมไฟระย้า,,,,,
43,AA035-28-GRY,AA035-GRY-00-28-00,โคมไฟระย้า,เทา,,28,,
44,AA035-38-SLV,AA035-SLV-00-38-00,โคมไฟระย้า,น้ำเงิน,,38,,
45,AA036-60-60-NA,AA03660-XXX-00-60-00,โคมไฟระย้า,,,60,,
46,AA036-80-80-NA,AA03680-XXX-00-80-00,โคมไฟระย้า,,,80,,
47,AA037-150-NA,AA037-XXX-00-150-00,โคมไฟระย้า,,,150,,
48,AA038-80-NA,AA038-XXX-00-80-00,โคมไฟระย้า,,,80,,
49,AA038-60-GRY,AA038-GRY-00-60-00,โคมไฟระย้า,เทา,,60,,
50,AA038-60-NA,AA038-XXX-00-60-00,โคมไฟระย้า,,,60,,
51,AA039-340-BLK,AA039-BLK-00-340-00,โคมไฟระย้า,ดำเงา,,340,,
52,AA044-105-GLD,AA044-GLD-00-105-00,โคมไฟระย้า,ทอง,,105,,
53,AA044-85-GLD,AA044-GLD-00-85-00,โคมไฟระย้า,ทอง,,85,,
54,AA044-00-GLD,AA044-GLD-00-00-00,โคมไฟระย้า,ทอง,,,,
55,AA044-1-00-GLD,AA0441-GLD-00-00-00,โคมไฟระย้า,ทอง,,,,
56,AA045-100-NA,AA045-XXX-00-100-00,โคมไฟระย้า,,,100,,
57,AA046-100-NA,AA046-XXX-00-100-00,โคมไฟระย้า,,,100,,
58,AA047-80-RGD,AA047-RGD-00-80-00,โคมไฟระย้า,โรสโกลด์,,80,,
59,AA047-100-GLD,AA047-GLD-00-100-00,โคมไฟระย้า,ทอง,,100,,
60,AA051-40-NA,AA051-XXX-00-40-00,โคมไฟระย้า,,,40,,
61,AA051-40-WHT,AA051-WHT-00-40-00,โคมไฟระย้า,ขาว,,40,,
62,AA051-40-SLV,AA051-SLV-00-40-00,โคมไฟระย้า,เงิน,,40,,
63,AA051-80-SLV,AA051-SLV-00-80-00,โคมไฟระย้า,เงิน,,80,,
64,AA054-80-GLD,AA054-GLD-00-80-00,โคมไฟระย้า,ทอง,,80,,
65,AA058-40-GLD,AA058-GLD-00-40-00,โคมไฟระย้า,ทอง-ดำ,,40,,
66,AA058-40-NA,AA058-XXX-00-40-00,โคมไฟระย้า,,,40,,
67,AA059-70-GLD,AA059-GLD-00-70-00,โคมไฟระย้า,ทอง,,70,,
68,AA059-50-NA,AA059-XXX-00-50-00,โคมไฟระย้า,,,50,,
69,AA060-50-NA,AA060-XXX-00-50-00,โคมไฟระย้า,,,50,,
70,AA061-70-GLD,AA061-GLD-00-70-00,โคมไฟระย้า,ทอง,,70,,
71,AA061-60-NA,AA061-XXX-00-60-00,โคมไฟระย้า,,,60,,
72,AA064-80-SLV,AA064-SLV-00-80-00,โคมไฟระย้า,เงิน,,80,,
73,AA066-150-SLV,AA066-SLV-00-150-00,โคมไฟระย้า,สแตนเลสเงิน,,150,,
74,AA068-250-GLD,AA068-GLD-00-250-00,โคมไฟระย้า,ก้านสีทองใบสีขาว,,250,,
75,AA069-120-GLD,AA069-GLD-00-120-00,โคมไฟระย้า,ก้านสีทองใบสีขาว,,120,,
76,AA071-450-NA,AA071-XXX-00-450-00,โคมไฟระย้า,,,450,,
77,AA072-180-GLD,AA072-GLD-00-180-00,โคมไฟระย้า,ทอง,,180,,
78,AA072-80-GLD,AA072-GLD-00-80-00,โคมไฟระย้า,ทอง,,80,,
79,AA106-160-00-BLK,AA106160-BLK-00-00-00,โคมไฟระย้า,ดำ,,,,
80,AA220-40-SLV,AA220-SLV-00-40-00,โคมไฟระย้า,เงิน,,40,,
81,AB-201-120-120-NA,AA201120-XXX-00-120-00,โคมไฟระย้า,,,120,,
82,AB023-40-NA,AA023-XXX-00-40-00,โคมไฟระย้า,,,40,,
83,AB023-30-GLD,AA023-GLD-00-30-00,โคมไฟระย้า,ทอง,,30,,
84,AB023-40-RGD,AA023-RGD-00-40-00,โคมไฟระย้า,โรสโกลด์,,40,,
85,AB023-30-BRN,AA023-BRN-00-30-00,โคมไฟระย้า,น้ำตาล,,30,,
86,AB023-30-NA,AA023-XXX-00-30-00,โคมไฟระย้า,,,30,,
87,AB026-150-RGD,AA026-RGD-00-150-00,โคมไฟระย้า,โรสโกลด์,,150,,
88,AB026-150-GLD,AA026-GLD-00-150-00,โคมไฟระย้า,ทอง,,150,,
89,AB026-150-BLK,AA026-BLK-00-150-00,โคมไฟระย้า,ดำ,,150,,
90,AB049-110-120-NA,AA049110-XXX-00-120-00,โคมไฟระย้า,,,120,,
91,AB076-100-NA,AA076-XXX-00-100-00,โคมไฟระย้า,,,100,,
92,AB078-100-NA,AA078-XXX-00-100-00,โคมไฟระย้า,,,100,,
93,AB080-120-120-GLD,AA080120-GLD-00-120-00,โคมไฟระย้า,ทอง,,120,,
94,AB080-60-60-GLD,AA08060-GLD-00-60-00,โคมไฟระย้า,ทอง,,60,,
95,AB085-80-NA,AA085-XXX-00-80-00,โคมไฟระย้า,,,80,,
96,AB086-100-GLD,AA086-GLD-00-100-00,โคมไฟระย้า,ทอง,,100,,
97,AB092-80-GLD,AA092-GLD-00-80-00,โคมไฟระย้า,ทอง,,80,,
98,AB096-00-BLK,AA096-BLK-00-00-00,โคมไฟระย้า,ดำ,,,,
99,AB096-125-WHT,AA096-WHT-00-125-00,โคมไฟระย้า,ขาว,,125,,
100,AB096-100-100-NA,AA096100-XXX-00-100-00,โคมไฟระย้า,,,100,,
101,AB096-120-120-NA,AA096120-XXX-00-120-00,โคมไฟระย้า,,,120,,
102,AB096-120-00-NA,AA096120-XXX-00-00-00,โคมไฟระย้า,,,,,
103,AB100-100-GLD,AA100-GLD-00-100-00,โคมไฟระย้า,ทอง,,100,,
104,AB106-180-GLD,AA106-GLD-00-180-00,โคมไฟระย้า,ทอง,,180,,
105,AB106-150-BLK,AA106-BLK-00-150-00,โคมไฟระย้า,ดำ,,150,,
106,AB106-120-120-NA,AA106120-XXX-00-120-00,โคมไฟระย้า,,,120,,
107,AB106-200-200-NA,AA106200-XXX-00-200-00,โคมไฟระย้า,,,200,,
108,AB106-200-180-NA,AA106200-XXX-00-180-00,โคมไฟระย้า,,,180,,
109,AB106-A-80-NA,AA106-XXX-00-80-00,โคมไฟระย้า,,,80,,
110,AB117-120-GLD,AA117-GLD-00-120-00,โคมไฟระย้า,ทอง,,120,,
111,AB117-40-GLD,AA117-GLD-00-40-00,โคมไฟระย้า,ทอง,,40,,
112,AB117-100-GLD,AA117-GLD-00-100-00,โคมไฟระย้า,ทอง,,100,,
113,AB117-00-GLD,AA117-GLD-00-00-00,โคมไฟระย้า,ทอง,,,,
114,AB117-80-GLD,AA117-GLD-00-80-00,โคมไฟระย้า,ทอง,,80,,
115,AB117-120-NA,AA117-XXX-00-120-00,โคมไฟระย้า,,,120,,
116,AB137-120-NA,AA137-XXX-00-120-00,โคมไฟระย้า,,,120,,
117,AB137-120-GLD,AA137-GLD-00-120-00,โคมไฟระย้า,ทอง,,120,,
118,AB137-150-SLV,AA137-SLV-00-150-00,โคมไฟระย้า,เงิน,,150,,
119,AB137-30-GLD,AA137-GLD-00-30-00,โคมไฟระย้า,ทอง,,30,,
120,AB137-150-RGD,AA137-RGD-00-150-00,โคมไฟระย้า,โรสโกลด์,,150,,
121,AB140-80-GLD,AA140-GLD-00-80-00,โคมไฟระย้า,ทองS,,80,,
122,AB142-100-GLD,AA142-GLD-00-100-00,โคมไฟระย้า,ทอง,,100,,
123,AB143-120-GLD,AA143-GLD-00-120-00,โคมไฟระย้า,ทอง,,120,,
124,AB163-110-SLV,AA163-SLV-00-110-00,โคมไฟระย้า,เงิน,,110,,
125,AB163-90-NA,AA163-XXX-00-90-00,โคมไฟระย้า,,,90,,
126,AB168-60-BLK,AA168-BLK-00-60-00,โคมไฟระย้า,ดำ,,60,,
127,AB169-120-GLD,AA169-GLD-00-120-00,โคมไฟระย้า,ทอง,,120,,
128,AB174-120-SLV,AA174-SLV-00-120-00,โคมไฟระย้า,สีเงิน,,120,,
129,AB174-120-120-GLD,AA174120-GLD-00-120-00,โคมไฟระย้า,ทอง,,120,,
130,AB174-80-80-NA,AA17480-XXX-00-80-00,โคมไฟระย้า,,,80,,
131,AB181-120-GLD,AA181-GLD-00-120-00,โคมไฟระย้า,ทอง,,120,,
132,AB181-60-GLD,AA181-GLD-00-60-00,โคมไฟระย้า,ทอง,,60,,
133,AB181-120-120-NA,AA181120-XXX-00-120-00,โคมไฟระย้า,,,120,,
134,AB181-60-60-NA,AA18160-XXX-00-60-00,โคมไฟระย้า,,,60,,
135,AB182-120-120-NA,AA182120-XXX-00-120-00,โคมไฟระย้า,,,120,,
136,AB182-200-200-GLD,AA182200-GLD-00-200-00,โคมไฟระย้า,ทอง,,200,,
137,AB184-180-RGD,AA184-RGD-00-180-00,โคมไฟระย้า,โรสโกลด์,,180,,
138,AB184-120-RGD,AA184-RGD-00-120-00,โคมไฟระย้า,โรสโกลด์,,120,,
139,AB184-170-GLD,AA184-GLD-00-170-00,โคมไฟระย้า,ทอง,,170,,
140,AB184-150-150-RGD,AA184150-RGD-00-150-00,โคมไฟระย้า,โรสโกลด์,,150,,
141,AB184-200-200-RGD,AA184200-RGD-00-200-00,โคมไฟระย้า,โรสโกลด์,,200,,
142,AB186-125-BLK,AA186-BLK-00-125-00,โคมไฟระย้า,ดำ,,125,,
143,AB186-100-SLV,AA186-SLV-00-100-00,โคมไฟระย้า,สีเงิน,,100,,
144,AB186-120-120-NA,AA186120-XXX-00-120-00,โคมไฟระย้า,,,120,,
145,AB193-150-150-BLK,AA193150-BLK-00-150-00,โคมไฟระย้า,ดำ,,150,,
146,AB195-120-120-NA,AA195120-XXX-00-120-00,โคมไฟระย้า,,,120,,
147,AB195-75-75-NA,AA19575-XXX-00-75-00,โคมไฟระย้า,,,75,,
148,AB198-200-200-NA,AA198200-XXX-00-200-00,โคมไฟระย้า,,,200,,
149,AB199-120-GLD,AA199-GLD-00-120-00,โคมไฟระย้า,ทอง,,120,,
150,AB202-120-GLD,AA202-GLD-00-120-00,โคมไฟระย้า,ทอง,,120,,
151,AB202-60-NA,AA202-XXX-00-60-00,โคมไฟระย้า,,,60,,
152,AB205-85-GLD,AA205-GLD-00-85-00,โคมไฟระย้า,ทอง,,85,,
153,AB205-80-GLD,AA205-GLD-00-80-00,โคมไฟระย้า,ทอง,,80,,
154,AB205-120-GLD,AA205-GLD-00-120-00,โคมไฟระย้า,ทอง,,120,,
155,AB205-100-GLD,AA205-GLD-00-100-00,โคมไฟระย้า,ทอง,,100,,
156,AB205-60-NA,AA205-XXX-00-60-00,โคมไฟระย้า,,,60,,
157,AB205-120-NA,AA205-XXX-00-120-00,โคมไฟระย้า,,,120,,
158,AB215-120-120-GLD,AA215120-GLD-00-120-00,โคมไฟระย้า,ทอง,,120,,
159,AB215-120-120-NA,AA215120-XXX-00-120-00,โคมไฟระย้า,,,120,,
160,AB215-80-80-NA,AA21580-XXX-00-80-00,โคมไฟระย้า,,,80,,
161,AB216-60-60-GLD,AA21660-GLD-00-60-00,โคมไฟระย้า,ทอง,,60,,
162,AB216-80-80-NA,AA21680-XXX-00-80-00,โคมไฟระย้า,,,80,,
163,AB220-40-GLD,AA220-GLD-00-40-00,โคมไฟระย้า,ทอง,,40,,
164,AB220-20-GLD,AA220-GLD-00-20-00,โคมไฟระย้า,ทอง,,20,,
165,AB220-00-GLD,AA220-GLD-00-00-00,โคมไฟระย้า,ทอง,,,,
166,AB221-120-120-NA,AA221120-XXX-00-120-00,โคมไฟระย้า,,,120,,
167,AB221-80-80-GLD,AA22180-GLD-00-80-00,โคมไฟระย้า,ทอง,,80,,
168,AB222-80-80-GLD,AA22280-GLD-00-80-00,โคมไฟระย้า,ทอง,,80,,
169,AB223-2-NA,AA223-XXX-00-02-00,โคมไฟระย้า,,,2,,
170,AB224-40-BLK,AA224-BLK-00-40-00,โคมไฟระย้า,ดำ,,40,,
171,AB225-120-GLD,AA225-GLD-00-120-00,โคมไฟระย้า,ทอง,,120,,
172,AB225-60-GLD,AA225-GLD-00-60-00,โคมไฟระย้า,ทอง,,60,,
173,AB225-125-GLD,AA225-GLD-00-125-00,โคมไฟระย้า,ทอง,,125,,
174,AB226-80-GLD,AA226-GLD-00-80-00,โคมไฟระย้า,ทอง,,80,,
175,AB226-120-GLD,AA226-GLD-00-120-00,โคมไฟระย้า,ทอง,,120,,
176,AB227-40-SLV,AA227-SLV-00-40-00,โคมไฟระย้า,เงิน,,40,,
177,AB227-30-SLV,AA227-SLV-00-30-00,โคมไฟระย้า,สีเงิน,,30,,
178,AB228-60-GLD,AA228-GLD-00-60-00,โคมไฟระย้า,ทอง,,60,,
179,AB228-120-GLD,AA228-GLD-00-120-00,โคมไฟระย้า,ทอง,,120,,
180,AB229-80-GLD,AA229-GLD-00-80-00,โคมไฟระย้า,ทอง,,80,,
181,AB230-100-GLD,AA230-GLD-00-100-00,โคมไฟระย้า,สีทอง,,100,,
182,AB231-120-GLD,AA231-GLD-00-120-00,โคมไฟระย้า,สีทอง,,120,,
183,AC002-70-GLD,AA002-GLD-00-70-00,โคมไฟระย้า,ทอง,,70,,
184,AC002-300-OTH,AA002-SGO-00-300-00,โคมไฟระย้า,SGold,,300,,
185,AC002-70-OTH,AA002-SGO-00-70-00,โคมไฟระย้า,SGold,,70,,
186,AC002-250-80-RGD,AA002250-RGD-00-80-00,โคมไฟระย้า,โรสโกลด์,,80,,
187,AC002-350-80-RGD,AA002350-RGD-00-80-00,โคมไฟระย้า,โรสโกลด์,,80,,
188,AC004-180-100-GLD,AA004180-GLD-00-100-00,โคมไฟระย้า,ทอง,,100,,
189,AC004-200-120-CLR,AA004200-ใส-00-120-00,โคมไฟระย้า,ใส,,120,,
190,AC006-20-RGD,AA006-RGD-00-20-00,โคมไฟระย้า,โรสโกลด์,,20,,
191,AC006-B-20-NA,AA006-XXX-00-20-00,โคมไฟระย้า,,,20,,
192,AC006-B-30-NA,AA006-XXX-00-30-00,โคมไฟระย้า,,,30,,
193,AC006-B-20-GLD,AA006-GLD-00-20-00,โคมไฟระย้า,ทอง,,20,,
194,AC006-B-3-BLK,AA006-BLK-00-03-00,โคมไฟระย้า,ดำ,,3,,
195,AC006-C-30-GLD,AA006-GLD-00-30-00,โคมไฟระย้า,ทอง,,30,,
196,AC006-C-3-GLD,AA006-GLD-00-03-00,โคมไฟระย้า,ทอง,,3,,
197,AC006-C-30-SLV,AA006-SLV-00-30-00,โคมไฟระย้า,สีเงิน,,30,,
198,AC006-C-20-GLD,AA006-GLD-00-20-00,โคมไฟระย้า,ทอง,,20,,
199,AC006-D-20-NA,AA006-XXX-00-20-00,โคมไฟระย้า,,,20,,
200,AC012-45-CLR,AA012-ใส-00-45-00,โคมไฟระย้า,ใส,,45,,
201,AC012-80-GLD,AA012-GLD-00-80-00,โคมไฟระย้า,ทอง,,80,,
202,AC012-45-GLD,AA012-GLD-00-45-00,โคมไฟระย้า,ทอง,,45,,
203,AC012-180-45-GLD,AA012180-GLD-00-45-00,โคมไฟระย้า,ทอง,,45,,
204,AC012-210-60-NA,AA012210-XXX-00-60-00,โคมไฟระย้า,,,60,,
205,AC012-C6-30-NA,AA0126-XXX-00-30-00,โคมไฟระย้า,,,30,,
206,AC012-C8-30-NA,AA0128-XXX-00-30-00,โคมไฟระย้า,,,30,,
207,AC012-C9-20-NA,AA0129-XXX-00-20-00,โคมไฟระย้า,,,20,,
208,AC025-30-GLD,AA025-GLD-00-30-00,โคมไฟระย้า,ทอง,,30,,
209,AC025-30-NA,AA025-XXX-00-30-00,โคมไฟระย้า,,,30,,
210,AC025-30-RGD,AA025-RGD-00-30-00,โคมไฟระย้า,โรสโกลด์,,30,,
211,AC025-30-BLK,AA025-BLK-00-30-00,โคมไฟระย้า,ดำ,,30,,
212,AC025-100-BLK,AA025-BLK-00-100-00,โคมไฟระย้า,ดำ,,100,,
213,AC025-30-SLV,AA025-SLV-00-30-00,โคมไฟระย้า,สีเงิน,,30,,
214,AC025-20-RGD,AA025-RGD-00-20-00,โคมไฟระย้า,โรสโกลด์,,20,,
215,AC025-40-GLD,AA025-GLD-00-40-00,โคมไฟระย้า,ทอง,,40,,
216,AC025-6-30-GLD,AA0256-GLD-00-30-00,โคมไฟระย้า,ทอง,,30,,
217,AC025-6-30-BLK,AA0256-BLK-00-30-00,โคมไฟระย้า,ดำ,,30,,
218,AC026-60-GLD,AA026-GLD-00-60-00,โคมไฟระย้า,ทอง,,60,,
219,AC026-100-BLK,AA026-BLK-00-100-00,โคมไฟระย้า,ดำ,,100,,
220,AC026-60-BLK,AA026-BLK-00-60-00,โคมไฟระย้า,ดำ,,60,,
221,AC026-100-GLD,AA026-GLD-00-100-00,โคมไฟระย้า,ทอง,,100,,
222,AC028-3-60-GLD,AA0283-GLD-00-60-00,โคมไฟระย้า,ทอง,,60,,
223,AC028-5-30-BLK,AA0285-BLK-00-30-00,โคมไฟระย้า,ดำ,,30,,
224,AC028-6-30-NA,AA0286-XXX-00-30-00,โคมไฟระย้า,,,30,,
225,AC028-6-40-NA,AA0286-XXX-00-40-00,โคมไฟระย้า,,,40,,
226,AC033-180-60-SLV,AA033180-SLV-00-60-00,โคมไฟระย้า,เงิน,,60,,
227,AC040-80-GRY,AA040-GRY-00-80-00,โคมไฟระย้า,เทา,,80,,
228,AC040-80-GLD,AA040-GLD-00-80-00,โคมไฟระย้า,ทอง,,80,,
229,AC040-60-GLD,AA040-GLD-00-60-00,โคมไฟระย้า,ทอง,,60,,
230,AC040-45-GLD,AA040-GLD-00-45-00,โคมไฟระย้า,สีทอง,,45,,
231,AC040-210-70-NA,AA040210-XXX-00-70-00,โคมไฟระย้า,,,70,,
232,AC040-210-70-GLD,AA040210-GLD-00-70-00,โคมไฟระย้า,ทอง,,70,,
233,AC040-260-80-NA,AA040260-XXX-00-80-00,โคมไฟระย้า,,,80,,
234,AC041-150-55-GLD,AA041150-GLD-00-55-00,โคมไฟระย้า,ทอง,,55,,
235,AC042-60-GLD,AA042-GLD-00-60-00,โคมไฟระย้า,ทอง,,60,,
236,AC042-180-60-NA,AA042180-XXX-00-60-00,โคมไฟระย้า,,,60,,
237,AC042-210-70-GLD,AA042210-GLD-00-70-00,โคมไฟระย้า,ทอง,,70,,
238,AC044-85-NA,AA044-XXX-00-85-00,โคมไฟระย้า,,,85,,
239,AC046-60-SLV,AA046-SLV-00-60-00,โคมไฟระย้า,เงิน,,60,,
240,AC046-200-60-CLR,AA046200-คริ-00-60-00,โคมไฟระย้า,คริสตัลใส,,60,,
241,AC046-200-200-NA,AA046200-XXX-00-200-00,โคมไฟระย้า,,,200,,
242,AC052-100-GLD,AA052-GLD-00-100-00,โคมไฟระย้า,ทอง,,100,,
243,AC052-20-GLD,AA052-GLD-00-20-00,โคมไฟระย้า,ทอง,,20,,
244,AC052-20-NA,AA052-XXX-00-20-00,โคมไฟระย้า,,,20,,
245,AC052-100-NA,AA052-XXX-00-100-00,โคมไฟระย้า,,,100,,
246,AC052-30-GLD,AA052-GLD-00-30-00,โคมไฟระย้า,ทอง,,30,,
247,AC052-A-30-NA,AA052-XXX-00-30-00,โคมไฟระย้า,,,30,,
248,AC052-A-20-NA,AA052-XXX-00-20-00,โคมไฟระย้า,,,20,,
249,AC052-A-20-GLD,AA052-GLD-00-20-00,โคมไฟระย้า,ทอง,,20,,
250,AC052-B-40-GLD,AA052-GLD-00-40-00,โคมไฟระย้า,ทอง,,40,,
251,AC052-B-40-SLV,AA052-SLV-00-40-00,โคมไฟระย้า,เงิน,,40,,
252,AC052-B-00-SLV,AA052-SLV-00-00-00,โคมไฟระย้า,เงิน,,,,
253,AC052-Cball-20-GLD,AA052-GLD-00-20-00,โคมไฟระย้า,ทอง,,20,,
254,AC052-CBall-8-GLD,AA052-GLD-00-08-00,โคมไฟระย้า,ทอง,,8,,
255,AC052-CBall-20-GLD,AA052-GLD-00-20-00,โคมไฟระย้า,ทอง,,20,,
256,AC052-Cball-30-RGD,AA052-RGD-00-30-00,โคมไฟระย้า,โรสโกลด์,,30,,
257,AC052-Cball-30-SLV,AA052-SLV-00-30-00,โคมไฟระย้า,สีเงิน,,30,,
258,AC052-Cball-20-RGD,AA052-RGD-00-20-00,โคมไฟระย้า,โรสโกลด์,,20,,
259,AC052-CBall-40-GLD,AA052-GLD-00-40-00,โคมไฟระย้า,ทอง,,40,,
260,AC060-60-GLD,AA060-GLD-00-60-00,โคมไฟระย้า,ทอง,,60,,
261,AC060-70-GLD,AA060-GLD-00-70-00,โคมไฟระย้า,ทอง,,70,,
262,AC060-80-GLD,AA060-GLD-00-80-00,โคมไฟระย้า,ทอง,,80,,
263,AC060-00-GLD,AA060-GLD-00-00-00,โคมไฟระย้า,ทอง,,,,
264,AC060-210-70-GLD,AA060210-GLD-00-70-00,โคมไฟระย้า,ทอง,,70,,
265,AC060-B-20-NA,AA060-XXX-00-20-00,โคมไฟระย้า,,,20,,
266,AC069-00-NA,AA069-XXX-00-00-00,โคมไฟระย้า,,,,,
267,AC070-100-GLD,AA070-GLD-00-100-00,โคมไฟระย้า,ทอง,,100,,
268,AC070-100-RGD,AA070-RGD-00-100-00,โคมไฟระย้า,โรสโกลด์,,100,,
269,AC072-100-GLD,AA072-GLD-00-100-00,โคมไฟระย้า,ทอง,,100,,
270,AC072-70-NA,AA072-XXX-00-70-00,โคมไฟระย้า,,,70,,
271,AC073-60-NA,AA073-XXX-00-60-00,โคมไฟระย้า,,,60,,
272,AC074-60-NA,AA074-XXX-00-60-00,โคมไฟระย้า,,,60,,
273,AC077-80-GLD,AA077-GLD-00-80-00,โคมไฟระย้า,ทอง,,80,,
274,AC082-100-SLV,AA082-SLV-00-100-00,โคมไฟระย้า,เงิน,,100,,
275,AC109-70-NA,AA109-XXX-00-70-00,โคมไฟระย้า,,,70,,
276,AC110-7-20-NA,AA1107-XXX-00-20-00,โคมไฟระย้า,,,20,,
277,AC116-100-GLD,AA116-GLD-00-100-00,โคมไฟระย้า,ทอง,,100,,
278,AC116-70-NA,AA116-XXX-00-70-00,โคมไฟระย้า,,,70,,
279,AC117-70-GLD,AA117-GLD-00-70-00,โคมไฟระย้า,ทอง,,70,,
280,AC117-100-GLD,AA117-GLD-00-100-00,โคมไฟระย้า,ทอง,,100,,
281,AC117-00-NA,AA117-XXX-00-00-00,โคมไฟระย้า,,,,,
282,AC118-60-SLV,AA118-SLV-00-60-00,โคมไฟระย้า,สีเงิน,,60,,
283,AC119-62-NA,AA119-XXX-00-62-00,โคมไฟระย้า,,,62,,
284,AC119-68-GLD,AA119-GLD-00-68-00,โคมไฟระย้า,ทอง,,68,,
285,AC123-100-SLV,AA123-SLV-00-100-00,โคมไฟระย้า,สีเงิน,,100,,
286,AC127-105-NA,AA127-XXX-00-105-00,โคมไฟระย้า,,,105,,
287,AC128-100-GLD,AA128-GLD-00-100-00,โคมไฟระย้า,ทอง,,100,,
288,AC128-120-GLD,AA128-GLD-00-120-00,โคมไฟระย้า,ทอง,,120,,
289,AC128-140-80-GLD,AA128140-GLD-00-80-00,โคมไฟระย้า,ทอง,,80,,
290,AC129-80-SLV,AA129-SLV-00-80-00,โคมไฟระย้า,สีเงิน,,80,,
291,AC130-500-PNK,AA130-PNK-00-500-00,โคมไฟระย้า,ชมพู,,500,,
292,AC130-450-NA,AA130-XXX-00-450-00,โคมไฟระย้า,,,450,,
293,AC131-80-RGD,AA131-RGD-00-80-00,โคมไฟระย้า,โรสโกลด์,,80,,
294,AC132-120-NA,AA132-XXX-00-120-00,โคมไฟระย้า,,,120,,
295,AC135-100-GLD,AA135-GLD-00-100-00,โคมไฟระย้า,ทอง,,100,,
296,AC224-80-RGD,AA224-RGD-00-80-00,โคมไฟระย้า,โรสโกลด์,,80,,
297,AC224-120-RGD,AA224-RGD-00-120-00,โคมไฟระย้า,โรสโกลด์,,120,,
298,AC225-A-80-NA,AA225-XXX-00-80-00,โคมไฟระย้า,,,80,,
299,AC225-B-80-NA,AA225-XXX-00-80-00,โคมไฟระย้า,,,80,,
300,CC001-35-GRY,OT001-GRY-00-35-00,อื่นๆ,เทา,,35,,
301,CC001-38-GLD,OT001-GLD-00-38-00,อื่นๆ,ทอง,,38,,
302,CC001-38-GRY,OT001-GRY-00-38-00,อื่นๆ,เทา,,38,,
303,CC023-00-GLD,OT023-GLD-00-00-00,อื่นๆ,ทอง,,,,
304,DV-00-NA,OT-XXX-00-00-00,อื่นๆ,,,,,
305,DV2L24V-1200-GOMIEOO-00-NA,OT2241200-XXX-00-00-00,อื่นๆ,,,,,
306,DV2L24V-200W-00-NA,OT224200-XXX-00-00-00,อื่นๆ,,,,,
307,DV2L24V-2200-GOMIEOO-00-NA,OT2242200-XXX-00-00-00,อื่นๆ,,,,,
308,DV2L24V-2700-GOMIEOO-00-NA,OT2242700-XXX-00-00-00,อื่นๆ,,,,,
309,DV2L24V-3000-GOMIEOO-00-NA,OT2243000-XXX-00-00-00,อื่นๆ,,,,,
310,DV2L24V-4500-00-NA,OT2244500-XXX-00-00-00,อื่นๆ,,,,,
311,DV2L24V-4500-GOMIEOO-00-NA,OT2244500-XXX-00-00-00,อื่นๆ,,,,,
312,DV2L24V-4800-GMMA-00-NA,OT2244800-XXX-00-00-00,อื่นๆ,,,,,
313,DV2L24V-6000-GOMIEOO-00-NA,OT2246000-XXX-00-00-00,อื่นๆ,,,,,
314,DV2L24V-7000-GOMIEOO-00-NA,OT2247000-XXX-00-00-00,อื่นๆ,,,,,
315,DV2L24V-800-GOMIEOO-00-NA,OT224800-XXX-00-00-00,อื่นๆ,,,,,
316,DV2L24V-8000-00-NA,OT2248000-XXX-00-00-00,อื่นๆ,,,,,
317,DV2L24V-8000-GOMIEOO-00-NA,OT2248000-XXX-00-00-00,อื่นๆ,,,,,
318,DV2L24V-9000-GOMIEOO-00-NA,OT2249000-XXX-00-00-00,อื่นๆ,,,,,
319,DV2L72V-1300-GOMIEOO-00-NA,OT2721300-XXX-00-00-00,อื่นๆ,,,,,
320,DV2L72V-2500-GOMIEOO-00-NA,OT2722500-XXX-00-00-00,อื่นๆ,,,,,
321,DV3L150V-1000-00-NA,OT31501000-XXX-00-00-00,อื่นๆ,,,,,
322,DV3L150V-180-00-NA,OT3150180-XXX-00-00-00,อื่นๆ,,,,,
323,DV3L150V-2100-GOMIEOO-00-NA,OT31502100-XXX-00-00-00,อื่นๆ,,,,,
324,DV3L150V-800-00-NA,OT3150800-XXX-00-00-00,อื่นๆ,,,,,
325,DV3L24V-2000-GOMIEOO-00-NA,OT3242000-XXX-00-00-00,อื่นๆ,,,,,
326,E14-00-NA,OT14-XXX-00-00-00,อื่นๆ,,,,,
327,E27-00-WHT,OT27-WHT-00-00-00,อื่นๆ,ขาวขุ่น,,,,
328,G9-00-NA,OT9-XXX-00-00-00,อื่นๆ,,,,,
329,Gift-00-NA,OT-XXX-00-00-00,อื่นๆ,,,,,
330,IN001-80-GLD,AA001-GLD-00-80-00,โคมไฟระย้า,ทอง,,80,,
331,IN001-80-GRY,AA001-GRY-00-80-00,โคมไฟระย้า,ใส-เทา,,80,,
332,IN0010-80-GLD,AA0010-GLD-00-80-00,โคมไฟระย้า,ทอง,,80,,
333,IN004-80-GLD,AA004-GLD-00-80-00,โคมไฟระย้า,ทอง,,80,,
334,IN004-80-NA,AA004-XXX-00-80-00,โคมไฟระย้า,,,80,,
335,IN010-60-NA,AA010-XXX-00-60-00,โคมไฟระย้า,,,60,,
336,IN012-100-GLD,AA012-GLD-00-100-00,โคมไฟระย้า,ทอง,,100,,
337,IN012-100-NA,AA012-XXX-00-100-00,โคมไฟระย้า,,,100,,
338,IN013-100-GRY,AA013-GRY-00-100-00,โคมไฟระย้า,เทา-ใส,,100,,
339,IN013-100-NA,AA013-XXX-00-100-00,โคมไฟระย้า,,,100,,
340,IN016-100-SLV,AA016-SLV-00-100-00,โคมไฟระย้า,สีเงิน,,100,,
341,IN028-115-NA,AA028-XXX-00-115-00,โคมไฟระย้า,,,115,,
342,IN028-115-115-NA,AA028115-XXX-00-115-00,โคมไฟระย้า,,,115,,
343,IN028-80-82-NA,AA02880-XXX-00-82-00,โคมไฟระย้า,,,82,,
344,IN031-100-SLV,AA031-SLV-00-100-00,โคมไฟระย้า,เงิน,,100,,
345,IN031-80-NA,AA031-XXX-00-80-00,โคมไฟระย้า,,,80,,
346,IN032-80-NA,AA032-XXX-00-80-00,โคมไฟระย้า,,,80,,
347,IN033-100-SLV,AA033-SLV-00-100-00,โคมไฟระย้า,เงิน,,100,,
348,IN033-75-SLV,AA033-SLV-00-75-00,โคมไฟระย้า,เงิน,,75,,
349,IN033-100-NA,AA033-XXX-00-100-00,โคมไฟระย้า,,,100,,
350,IN034-80-SLV,AA034-SLV-00-80-00,โคมไฟระย้า,เงิน,,80,,
351,IN034-60-GRY,AA034-GRY-00-60-00,โคมไฟระย้า,เทา,,60,,
352,IN035-60-GLD,AA035-GLD-00-60-00,โคมไฟระย้า,ทอง,,60,,
353,IN036-80-SLV,AA036-SLV-00-80-00,โคมไฟระย้า,เงิน,,80,,
354,IN037-60-GLD,AA037-GLD-00-60-00,โคมไฟระย้า,ทอง,,60,,
355,IN039-60-NA,AA039-XXX-00-60-00,โคมไฟระย้า,,,60,,
356,IN040-80-SLV,AA040-SLV-00-80-00,โคมไฟระย้า,เงิน,,80,,
357,IN040-80-GLD,AA040-GLD-00-80-00,โคมไฟระย้า,สีทอง,,80,,
358,IN040-80-NA,AA040-XXX-00-80-00,โคมไฟระย้า,,,80,,
359,IN041-60-GLD,AA041-GLD-00-60-00,โคมไฟระย้า,ทอง,,60,,
360,IN042-60-GRY,AA042-GRY-00-60-00,โคมไฟระย้า,ใส-เทา,,60,,
361,IN043-200-RGD,AA043-RGD-00-200-00,โคมไฟระย้า,โรสโกลด์,,200,,
362,IN044-56-RGD,AA044-RGD-00-56-00,โคมไฟระย้า,โรสโกลด์,,56,,
363,IN045-60-SLV,AA045-SLV-00-60-00,โคมไฟระย้า,สีเงิน,,60,,
364,IN046-50-GLD,AA046-GLD-00-50-00,โคมไฟระย้า,สีทอง,,50,,
365,IN05-60-60-NA,AA0560-XXX-00-60-00,โคมไฟระย้า,,,60,,
366,K9-10-CLR,OT9-ใส-00-10-00,อื่นๆ,ใส,,10,,
367,K9-2-CLR,OT9-ใส-00-02-00,อื่นๆ,ใส,,2,,
368,K9-00-NA,OT9-XXX-00-00-00,อื่นๆ,,,,,
369,K9-30-CLR,OT9-ใส-00-30-00,อื่นๆ,ใส,,30,,
370,K9-22-CLR,OT9-ใส-00-22-00,อื่นๆ,ใส,,22,,
371,LE143C-5W-CH-00-NA,OT1435-XXX-00-00-00,อื่นๆ,,,,,
372,LE14XX-00-NA,OT14-XXX-00-00-00,อื่นๆ,,,,,
373,LE273C-T-00-CLR,OT273-ใส-00-00-00,อื่นๆ,ใส,,,,
374,LE273C-W-00-WHT,OT273-WHT-00-00-00,อื่นๆ,ขาว,,,,
375,LED2C2L24V-350ma-15M-2835-00-NA,OT2224350152835-XXX-00-00-00,อื่นๆ,,,,,
376,LEG4-00-NA,OT4-XXX-00-00-00,อื่นๆ,,,,,
377,LG93C-00-NA,OT93-XXX-00-00-00,อื่นๆ,,,,,
378,LG9W-00-NA,OT9-XXX-00-00-00,อื่นๆ,,,,,
379,LG9XX-00-NA,OT9-XXX-00-00-00,อื่นๆ,,,,,
380,LG9XX-00-GLD,OT9-GLD-00-00-00,อื่นๆ,ทอง,,,,
381,LP-40-WHT,OT-WHT-00-40-00,อื่นๆ,ขาว,,40,,
382,LP027-90-NA,OT027-XXX-00-90-00,อื่นๆ,,,90,,
383,LP046-1-22-GLD,OT0461-GLD-00-22-00,อื่นๆ,ทอง,,22,,
384,LP047-1-20-WHT,OT0471-WHT-00-20-00,อื่นๆ,ขาว,,20,,
385,LP060-15-GLD,OT060-GLD-00-15-00,อื่นๆ,ทอง,,15,,
386,LP061-00-GLD,OT061-GLD-00-00-00,อื่นๆ,ทอง,,,,
387,LP062-00-GLD,OT062-GLD-00-00-00,อื่นๆ,ทอง,,,,
388,LP063-35-WHT,OT063-WHT-00-35-00,อื่นๆ,ขาว,,35,,
389,LP064-20-GLD,OT064-GLD-00-20-00,อื่นๆ,ทอง,,20,,
390,LP065-20-GLD,OT065-GLD-00-20-00,อื่นๆ,ทอง,,20,,
391,LP066-4-BLK,OT066-BLK-00-04-00,อื่นๆ,ดำ,,4,,
392,MM013-120-BLK,AA013-BLK-00-120-00,โคมไฟระย้า,ดำ,,120,,
393,MM013-6-00-NA,AA0136-XXX-00-00-00,โคมไฟระย้า,,,,,
394,MM019-120-BLK,AA019-BLK-00-120-00,โคมไฟระย้า,ดำ,,120,,
395,MM019-100-BLK,AA019-BLK-00-100-00,โคมไฟระย้า,ดำ,,100,,
396,MM026-100-GLD,AA026-GLD-00-100-00,โคมไฟระย้า,ทอง,,100,,
397,MM03-6-00-SLV,AA036-SLV-00-00-00,โคมไฟระย้า,เงิน,,,,
398,MM036-7-00-GRY,AA0367-GRY-00-00-00,โคมไฟระย้า,เทา-เงา,,,,
399,MM037-120-NA,AA037-XXX-00-120-00,โคมไฟระย้า,,,120,,
400,MM037-150-BLK,AA037-BLK-00-150-00,โคมไฟระย้า,ดำ,,150,,
401,MM054-120-GLD,AA054-GLD-00-120-00,โคมไฟระย้า,ทอง,,120,,
402,MM056-120-BLK,AA056-BLK-00-120-00,โคมไฟระย้า,ดำ,,120,,
403,MM056-120-GLD,AA056-GLD-00-120-00,โคมไฟระย้า,ทอง,,120,,
404,MM056-120-120-GLD,AA056120-GLD-00-120-00,โคมไฟระย้า,ทอง,,120,,
405,MM061-100-GLD,AA061-GLD-00-100-00,โคมไฟระย้า,ทอง,,100,,
406,MM073-100-BLK,AA073-BLK-00-100-00,โคมไฟระย้า,ดำ,,100,,
407,MM080-00-BLK,AA080-BLK-00-00-00,โคมไฟระย้า,ดำ,,,,
408,MM080-96-BLK,AA080-BLK-00-96-00,โคมไฟระย้า,ดำ,,96,,
409,MM083-120-BLK,AA083-BLK-00-120-00,โคมไฟระย้า,ดำ,,120,,
410,MM083-145-BLK,AA083-BLK-00-145-00,โคมไฟระย้า,ดำ,,145,,
411,MM084-120-BLK,AA084-BLK-00-120-00,โคมไฟระย้า,ดำ,,120,,
412,MM085-120-BLK,AA085-BLK-00-120-00,โคมไฟระย้า,ดำ,,120,,
413,MM086-120-BLK,AA086-BLK-00-120-00,โคมไฟระย้า,ดำ,,120,,
414,MM087-100-GLD,AA087-GLD-00-100-00,โคมไฟระย้า,ทอง,,100,,
415,MM088-120-BRN,AA088-BRN-00-120-00,โคมไฟระย้า,น้ำตาล,,120,,
416,MM089-120-BLK,AA089-BLK-00-120-00,โคมไฟระย้า,ดำ,,120,,
417,MM089-180-BLK,AA089-BLK-00-180-00,โคมไฟระย้า,ดำ,,180,,
418,MM090-115-GLD,AA090-GLD-00-115-00,โคมไฟระย้า,ทอง,,115,,
419,MM091-120-BLK,AA091-BLK-00-120-00,โคมไฟระย้า,ดำ,,120,,
420,MM092-120-BLK,AA092-BLK-00-120-00,โคมไฟระย้า,ดำ,,120,,
421,MM093-120-BLK,AA093-BLK-00-120-00,โคมไฟระย้า,ดำ,,120,,
422,MM094-120-BLK,AA094-BLK-00-120-00,โคมไฟระย้า,ดำ,,120,,
423,NeoX-00-BLK,OT-BLK-00-00-00,อื่นๆ,ดำ,,,,
424,RM2CH-00-NA,OT2-XXX-00-00-00,อื่นๆ,,,,,
425,RM2CH-00-WHT,OT2-WHT-00-00-00,อื่นๆ,ขาว,,,,
426,RMDV1CH-GOMIEOO-00-NA,OT1-XXX-00-00-00,อื่นๆ,,,,,
427,SA012-00-GLD,OT012-GLD-00-00-00,อื่นๆ,ทอง,,,,
428,SS001-61-NA,OT001-XXX-00-61-00,อื่นๆ,,,61,,
429,SS003-46-GLD,OT003-GLD-00-46-00,อื่นๆ,ทอง,,46,,
430,SS005-80-BLK,OT005-BLK-00-80-00,อื่นๆ,ดำ,,80,,
431,ST010-150-RGD,OT010-RGD-00-150-00,อื่นๆ,โรสโกลด์,,150,,
432,ST011-120-GLD,OT011-GLD-00-120-00,อื่นๆ,ทอง,,120,,
433,ST011-120-RGD,OT011-RGD-00-120-00,อื่นๆ,โรสโกลด์,,120,,
434,ST012-00-NA,OT012-XXX-00-00-00,อื่นๆ,,,,,
435,ST012-150-GLD,OT012-GLD-00-150-00,อื่นๆ,ทอง,,150,,
436,ST012-00-GLD,OT012-GLD-00-00-00,อื่นๆ,ทอง,,,,
437,ST012-120-GLD,OT012-GLD-00-120-00,อื่นๆ,ทอง,,120,,
438,ST012-00-BLK,OT012-BLK-00-00-00,อื่นๆ,ดำ,,,,
439,ST015-120-NA,OT015-XXX-00-120-00,อื่นๆ,,,120,,
440,SW-00-WHT,OT-WHT-00-00-00,อื่นๆ,ขาว,,,,
441,WL-20-BLK,OT-BLK-00-20-00,โคมไฟผนัง,ดำ,,20,,
442,WL013-013-GLD,OT013-GLD-00-13-00,โคมไฟผนัง,ทอง,,013,,
443,WL018-018-GLD,OT018-GLD-00-18-00,โคมไฟผนัง,ทอง,,018,,
444,WL020-020-BLK,OT020-BLK-00-20-00,โคมไฟผนัง,ดำ,,020,,
445,WL020-020-GLD,OT020-GLD-00-20-00,โคมไฟผนัง,ทอง,,020,,
446,WL020-12-BLK,OT020-BLK-00-12-00,โคมไฟผนัง,ดำ,,12,,
447,WL029-029-NA,OT029-XXX-00-29-00,โคมไฟผนัง,,,029,,
448,WL029-029-GLD,OT029-GLD-00-29-00,โคมไฟผนัง,ทอง,,029,,
449,WL030-030-NA,OT030-XXX-00-30-00,โคมไฟผนัง,,,030,,
450,WL033-033-NA,OT033-XXX-00-33-00,โคมไฟผนัง,,,033,,
451,WL033-033-GLD,OT033-GLD-00-33-00,โคมไฟผนัง,ทอง-ขาว,,033,,
452,WL035-035-GLD,OT035-GLD-00-35-00,โคมไฟผนัง,ทอง,,035,,
453,WL037-137-GLD,OT037-GLD-00-137-00,โคมไฟผนัง,ทอง,,137,,
454,WL057-057-BLK,OT057-BLK-00-57-00,โคมไฟผนัง,ดำ,,057,,
455,WL063-063-GLD,OT063-GLD-00-63-00,โคมไฟผนัง,ทอง-ใส,,063,,
456,WL065-065-GLD,OT065-GLD-00-65-00,โคมไฟผนัง,ทอง,,065,,
457,WL067-067-GLD,OT067-GLD-00-67-00,โคมไฟผนัง,ทอง,,067,,
458,WL068-068-SLV,OT068-SLV-00-68-00,โคมไฟผนัง,เงิน,,068,,
459,WL068-068-GLD,OT068-GLD-00-68-00,โคมไฟผนัง,ทอง,,068,,
460,WL069-069-GLD,OT069-GLD-00-69-00,โคมไฟผนัง,สีทอง,,069,,
461,WL069-069-SLV,OT069-SLV-00-69-00,โคมไฟผนัง,เงิน,,069,,
462,WL072-072-GLD,OT072-GLD-00-72-00,โคมไฟผนัง,ทอง,,072,,
463,WL078-60-078-NA,OT07860-XXX-00-78-00,โคมไฟผนัง,,,078,,
464,WL088-088-GLD,OT088-GLD-00-88-00,โคมไฟผนัง,ทอง,,088,,
465,WL089-089-NA,OT089-XXX-00-89-00,โคมไฟผนัง,,,089,,
466,WL089-089-GLD,OT089-GLD-00-89-00,โคมไฟผนัง,ทอง,,089,,
467,WL091-30-091-NA,OT09130-XXX-00-91-00,โคมไฟผนัง,,,091,,
468,WL092-092-NA,OT092-XXX-00-92-00,โคมไฟผนัง,,,092,,
469,WL092-092-GLD,OT092-GLD-00-92-00,โคมไฟผนัง,ทอง,,092,,
470,WL092-092-SLV,OT092-SLV-00-92-00,โคมไฟผนัง,เงิน,,092,,
471,WL092-60-092-NA,OT09260-XXX-00-92-00,โคมไฟผนัง,,,092,,
472,WL095-095-GLD,OT095-GLD-00-95-00,โคมไฟผนัง,ทอง,,095,,
473,WL095-G-12-GLD,OT095-GLD-00-12-00,โคมไฟผนัง,ทอง,,12,,
474,WL095-G-095-GLD,OT095-GLD-00-95-00,โคมไฟผนัง,ทอง,,095,,
475,WL095-RG-12-RGD,OT095-RGD-00-12-00,โคมไฟผนัง,โรสโกลด์,,12,,
476,WL095-RG-095-RGD,OT095-RGD-00-95-00,โคมไฟผนัง,โรสโกลด์,,095,,
477,WL096-096-GLD,OT096-GLD-00-96-00,โคมไฟผนัง,ทอง,,096,,
478,WL097-097-GLD,OT097-GLD-00-97-00,โคมไฟผนัง,ทอง,,097,,
479,WL104-104-NA,OT104-XXX-00-104-00,โคมไฟผนัง,,,104,,
480,WL104-104-RGD,OT104-RGD-00-104-00,โคมไฟผนัง,โรสโกลด์,,104,,
481,WL104-104-GLD,OT104-GLD-00-104-00,โคมไฟผนัง,สีทอง,,104,,
482,WL105-105-GLD,OT105-GLD-00-105-00,โคมไฟผนัง,ทอง,,105,,
483,WL108-108-BLK,OT108-BLK-00-108-00,โคมไฟผนัง,ดำ,,108,,
484,WL108-108-GLD,OT108-GLD-00-108-00,โคมไฟผนัง,ทอง,,108,,
485,WL108-108-NA,OT108-XXX-00-108-00,โคมไฟผนัง,,,108,,
486,WL110-110-NA,OT110-XXX-00-110-00,โคมไฟผนัง,,,110,,
487,WL110-110-GLD,OT110-GLD-00-110-00,โคมไฟผนัง,ทอง,,110,,
488,WL111-111-NA,OT111-XXX-00-111-00,โคมไฟผนัง,,,111,,
489,WL116-116-NA,OT116-XXX-00-116-00,โคมไฟผนัง,,,116,,
490,WL117-117-GLD,OT117-GLD-00-117-00,โคมไฟผนัง,ทอง,,117,,
491,WL119-119-NA,OT119-XXX-00-119-00,โคมไฟผนัง,,,119,,
492,WL119-119-GLD,OT119-GLD-00-119-00,โคมไฟผนัง,ทอง,,119,,
493,WL119-119-BLK,OT119-BLK-00-119-00,โคมไฟผนัง,ดำ,,119,,
494,WL119-80-BLK,OT119-BLK-00-80-00,โคมไฟผนัง,สีดำ,,80,,
495,WL119-100-119-NA,OT119100-XXX-00-119-00,โคมไฟผนัง,,,119,,
496,WL121-121-NA,OT121-XXX-00-121-00,โคมไฟผนัง,,,121,,
497,WL123-123-GLD,OT123-GLD-00-123-00,โคมไฟผนัง,ทอง,,123,,
498,WL125-125-BLK,OT125-BLK-00-125-00,โคมไฟผนัง,ดำ,,125,,
499,WL128-128-GLD,OT128-GLD-00-128-00,โคมไฟผนัง,ทอง,,128,,
500,WL135-135-SLV,OT135-SLV-00-135-00,โคมไฟผนัง,เงิน,,135,,
501,WL137-137-NA,OT137-XXX-00-137-00,โคมไฟผนัง,,,137,,
502,WL138-138-SLV,OT138-SLV-00-138-00,โคมไฟผนัง,เงิน,,138,,
503,WL143-143-NA,OT143-XXX-00-143-00,โคมไฟผนัง,,,143,,
504,WL148-148-BRN,OT148-BRN-00-148-00,โคมไฟผนัง,น้ำตาล,,148,,
505,WL150-150-NA,OT150-XXX-00-150-00,โคมไฟผนัง,,,150,,
506,WL151-151-OTH,OT151-โกล-00-151-00,โคมไฟผนัง,โกลด์,,151,,
507,WL151-151-NA,OT151-XXX-00-151-00,โคมไฟผนัง,,,151,,
508,WL152-152-OTH,OT152-โกล-00-152-00,โคมไฟผนัง,โกลด์,,152,,
509,WL153-153-OTH,OT153-โกล-00-153-00,โคมไฟผนัง,โกลด์,,153,,
510,WL153-153-BLK,OT153-BLK-00-153-00,โคมไฟผนัง,ดำ,,153,,
511,WL153-153-NA,OT153-XXX-00-153-00,โคมไฟผนัง,,,153,,
512,WL155-155-RGD,OT155-RGD-00-155-00,โคมไฟผนัง,โรสโกลด์,,155,,
513,WL155-155-GLD,OT155-GLD-00-155-00,โคมไฟผนัง,ทอง,,155,,
514,WL156-156-GLD,OT156-GLD-00-156-00,โคมไฟผนัง,ทอง,,156,,
515,WL157-157-GLD,OT157-GLD-00-157-00,โคมไฟผนัง,ทอง-ใส,,157,,
516,WL158-158-GLD,OT158-GLD-00-158-00,โคมไฟผนัง,ทอง,,158,,
517,WL159-159-GLD,OT159-GLD-00-159-00,โคมไฟผนัง,ทอง,,159,,
518,WL160-160-GLD,OT160-GLD-00-160-00,โคมไฟผนัง,ทอง,,160,,
519,WL161-161-GLD,OT161-GLD-00-161-00,โคมไฟผนัง,ทอง,,161,,
520,WL162-162-NA,OT162-XXX-00-162-00,โคมไฟผนัง,,,162,,
521,WL163-163-GLD,OT163-GLD-00-163-00,โคมไฟผนัง,ทอง,,163,,
522,WL163-163-NA,OT163-XXX-00-163-00,โคมไฟผนัง,,,163,,
523,WL164-164-RGD,OT164-RGD-00-164-00,โคมไฟผนัง,โรสโกลด์,,164,,
524,WL165-165-RGD,OT165-RGD-00-165-00,โคมไฟผนัง,โรสโกลด์,,165,,
525,WL166-166-GLD,OT166-GLD-00-166-00,โคมไฟผนัง,ทอง,,166,,
526,WL166-166-BLK,OT166-BLK-00-166-00,โคมไฟผนัง,ดำ,,166,,
527,WL167-167-WHT,OT167-WHT-00-167-00,โคมไฟผนัง,ขาว,,167,,
528,WL168-168-BLK,OT168-BLK-00-168-00,โคมไฟผนัง,ดำ,,168,,
529,WL169-169-BLK,OT169-BLK-00-169-00,โคมไฟผนัง,ขาว-ดำ,,169,,
530,WL170-170-BLK,OT170-BLK-00-170-00,โคมไฟผนัง,ดำ,,170,,
531,WL171-171-BLK,OT171-BLK-00-171-00,โคมไฟผนัง,ดำ,,171,,
532,WL172-7-BLK,OT172-BLK-00-07-00,โคมไฟผนัง,ดำ,,7,,
533,WL173-173-GLD,OT173-GLD-00-173-00,โคมไฟผนัง,ทอง,,173,,
534,WL174-174-BLK,OT174-BLK-00-174-00,โคมไฟผนัง,ดำ,,174,,
535,WL175-175-GLD,OT175-GLD-00-175-00,โคมไฟผนัง,ทอง,,175,,
536,WL176-176-GLD,OT176-GLD-00-176-00,โคมไฟผนัง,ทอง,,176,,
537,WL176-176-OTH,OT176-หิน-00-176-00,โคมไฟผนัง,หินอ่อน,,176,,
538,WLA25-12-RGD,OT25-RGD-00-12-00,โคมไฟผนัง,โรสโกลด์,,12,,
539,WLA25-12-GLD,OT25-GLD-00-12-00,โคมไฟผนัง,ทอง,,12,,
540,WLO002-10-BLK,OT002-BLK-00-10-00,โคมไฟผนัง,ดำ,,10,,
